"item_seq","item_name","efficacy_document_id","precaution_document_id","usage_document_id"
"195700020","활명수","https://nedrug.mfds.go.kr/pbp/cmn/pdfDownload/195700020/EE","https://nedrug.mfds.go.kr/pbp/cmn/pdfDownload/195700020/NB","https://nedrug.mfds.go.kr/pbp/cmn/pdfDownload/195700020/UD"
"196200034","삐콤정","https://nedrug.mfds.go.kr/pbp/cmn/pdfDownload/196200034/EE","https://nedrug.mfds.go.kr/pbp/cmn/pdfDownload/196200034/NB","https://nedrug.mfds.go.kr/pbp/cmn/pdfDownload/196200034/UD"
"196800036","판콜에이내복액","https://nedrug.mfds.go.kr/pbp/cmn/pdfDownload/196800036/EE","https://nedrug.mfds.go.kr/pbp/cmn/pdfDownload/196800036/NB","https://nedrug.mfds.go.kr/pbp/cmn/pdfDownload/196800036/UD"
"196900027","비타민케이1주사액(피토나디온주사액)","https://nedrug.mfds.go.kr/pbp/cmn/pdfDownload/196900027/EE","https://nedrug.mfds.go.kr/pbp/cmn/pdfDownload/196900027/NB","https://nedrug.mfds.go.kr/pbp/cmn/pdfDownload/196900027/UD"
"197100059","쎄레스톤지크림","https://nedrug.mfds.go.kr/pbp/cmn/pdfDownload/197100059/EE","https://nedrug.mfds.go.kr/pbp/cmn/pdfDownload/197100059/NB","https://nedrug.mfds.go.kr/pbp/cmn/pdfDownload/197100059/UD"
"197700050","듀락칸시럽(락툴로오즈농축액)","https://nedrug.mfds.go.kr/pbp/cmn/pdfDownload/197700050/EE","https://nedrug.mfds.go.kr/pbp/cmn/pdfDownload/197700050/NB","https://nedrug.mfds.go.kr/pbp/cmn/pdfDownload/197700050/UD"
"197700120","부루펜정200밀리그램(이부프로펜)","https://nedrug.mfds.go.kr/pbp/cmn/pdfDownload/197700120/EE","https://nedrug.mfds.go.kr/pbp/cmn/pdfDownload/197700120/NB","https://nedrug.mfds.go.kr/pbp/cmn/pdfDownload/197700120/UD"
"197900171","후시딘연고(퓨시드산나트륨)","https://nedrug.mfds.go.kr/pbp/cmn/pdfDownload/197900171/EE","https://nedrug.mfds.go.kr/pbp/cmn/pdfDownload/197900171/NB","https://nedrug.mfds.go.kr/pbp/cmn/pdfDownload/197900171/UD"
"197900277","게보린정(수출명:돌로린정)","https://nedrug.mfds.go.kr/pbp/cmn/pdfDownload/197900277/EE","https://nedrug.mfds.go.kr/pbp/cmn/pdfDownload/197900277/NB","https://nedrug.mfds.go.kr/pbp/cmn/pdfDownload/197900277/UD"
"198000170","포리부틴정(트리메부틴말레산염)","https://nedrug.mfds.go.kr/pbp/cmn/pdfDownload/198000170/EE","https://nedrug.mfds.go.kr/pbp/cmn/pdfDownload/198000170/NB","https://nedrug.mfds.go.kr/pbp/cmn/pdfDownload/198000170/UD"
"198500023","오라메디연고{수출명:오라메디파스타(ORAMEDYPASTE)}","https://nedrug.mfds.go.kr/pbp/cmn/pdfDownload/198500023/EE","https://nedrug.mfds.go.kr/pbp/cmn/pdfDownload/198500023/NB","https://nedrug.mfds.go.kr/pbp/cmn/pdfDownload/198500023/UD"
"198500049","비타메진캡슐50밀리그램","https://nedrug.mfds.go.kr/pbp/cmn/pdfDownload/198500049/EE","https://nedrug.mfds.go.kr/pbp/cmn/pdfDownload/198500049/NB","https://nedrug.mfds.go.kr/pbp/cmn/pdfDownload/198500049/UD"
"198500321","다이아벡스정500밀리그램(메트포르민염산염)","https://nedrug.mfds.go.kr/pbp/cmn/pdfDownload/198500321/EE","https://nedrug.mfds.go.kr/pbp/cmn/pdfDownload/198500321/NB","https://nedrug.mfds.go.kr/pbp/cmn/pdfDownload/198500321/UD"
"198501415","키미테패취(스코폴라민)(수출명:可弥特止暈貼濟)","https://nedrug.mfds.go.kr/pbp/cmn/pdfDownload/198501415/EE","https://nedrug.mfds.go.kr/pbp/cmn/pdfDownload/198501415/NB","https://nedrug.mfds.go.kr/pbp/cmn/pdfDownload/198501415/UD"
"198700401","토브라점안액(토브라마이신)","https://nedrug.mfds.go.kr/pbp/cmn/pdfDownload/198700401/EE","https://nedrug.mfds.go.kr/pbp/cmn/pdfDownload/198700401/NB","https://nedrug.mfds.go.kr/pbp/cmn/pdfDownload/198700401/UD"
"200009027","넥시움정20밀리그램(에스오메프라졸마그네슘)","https://nedrug.mfds.go.kr/pbp/cmn/pdfDownload/200009027/EE","https://nedrug.mfds.go.kr/pbp/cmn/pdfDownload/200009027/NB","https://nedrug.mfds.go.kr/pbp/cmn/pdfDownload/200009027/UD"
"200200662","세토펜8시간이알서방정(아세트아미노펜)","https://nedrug.mfds.go.kr/pbp/cmn/pdfDownload/200200662/EE","https://nedrug.mfds.go.kr/pbp/cmn/pdfDownload/200200662/NB","https://nedrug.mfds.go.kr/pbp/cmn/pdfDownload/200200662/UD"
"200300985","뉴렙톨캡슐300밀리그램(가바펜틴)","https://nedrug.mfds.go.kr/pbp/cmn/pdfDownload/200300985/EE","https://nedrug.mfds.go.kr/pbp/cmn/pdfDownload/200300985/NB","https://nedrug.mfds.go.kr/pbp/cmn/pdfDownload/200300985/UD"
"200610660","노바스크정5밀리그람(암로디핀베실산염)","https://nedrug.mfds.go.kr/pbp/cmn/pdfDownload/200610660/EE","https://nedrug.mfds.go.kr/pbp/cmn/pdfDownload/200610660/NB","https://nedrug.mfds.go.kr/pbp/cmn/pdfDownload/200610660/UD"
"200610765","지르텍정(세티리진염산염)","https://nedrug.mfds.go.kr/pbp/cmn/pdfDownload/200610765/EE","https://nedrug.mfds.go.kr/pbp/cmn/pdfDownload/200610765/NB","https://nedrug.mfds.go.kr/pbp/cmn/pdfDownload/200610765/UD"
